idw温度,idw湿度,kriging_spherical温度,kriging_spherical湿度,kriging_linear温度,kriging_linear湿度,kriging_power温度,kriging_power湿度,kriging_exponential温度,kriging_exponential湿度
-0.2306526969766905,0.4054842915083591,-0.5716793972940002,0.7697339166920004,-0.1353693161320002,0.21685550836400025,-0.06123226165600008,-0.12284016289199991,-0.6097902412620002,0.724750016954
-0.309240578362329,0.3543926920473859,-0.15429827926599987,0.17858284742199976,-0.03262386461999987,0.08713559255600019,0.0873220211640002,-0.1461636273739999,-0.23879614701799987,0.32503826334400016
-0.4675825736628275,0.11794898492898784,-0.17762988671200017,0.11102225582799982,0.1969284598259999,-0.3978265204399999,-0.19570283018000018,-0.02600142879800003,-0.256373130858,-0.012451801087999995
-0.6885927795660103,1.1489868359091804,-1.0689856859440003,1.475819332894,-1.2114030728400003,1.6129326688759995,-1.108734395214,1.6616329792939997,-0.9253444013740001,1.36868891771
0.8933551682758918,-1.0841677249654638,0.7999666161179999,-0.9627352264800002,0.6788049769339998,-0.82982320194,0.5141732247199998,-0.5345290601760001,0.8043103109839999,-0.971330695974
0.03804431440890043,0.13697981715658722,-0.17211150597599997,0.31323245175,-0.28578359700260003,0.3635146467219996,-0.4455037529071998,1.029088484536,-0.15013246971599983,0.34078439306999975
1.4422132689246352,-2.311970605057387,1.4688518017324999,-2.3298196746525006,0.8772292891349999,-1.7921237426950003,0.8208905331749996,-1.7571989287475003,1.4865389116524999,-2.3281738997550003
平均值,平均值,平均值,平均值,平均值,平均值,平均值,平均值,平均值,平均值
0.09679201757736718,-0.17604938692462144,0.017730523236928475,-0.06345201379235725,0.012540410757199884,-0.1056192926510001,-0.05554106584260007,0.014855465120357085,0.015773261772642804,-0.07895640081985723
