idw温度,idw湿度,ordinary_kriging温度,ordinary_kriging湿度
1.0381265120197505,1.2483147910158707,0.9235684744675816,1.286681769746087
0.1986281959360121,-0.5751504152541147,0.24213886323191858,1.5683357366554314
1.3305585666759168,-1.2977664128938593,1.2400134109445187,0.33621517750678653
1.2277728204922007,0.6233514273634223,0.777792651605675,-1.2580403949971535
1.4786135315958444,1.3220339747488443,1.5731058607282096,1.4429257748084519
1.421940678896933,1.303038045064471,1.4058308693718284,1.3977683861502337
0.25332644891819867,-0.20477648164544224,1.3159712668087242,1.2960081078040777
平均值,平均值,平均值,平均值
0.9927095363621224,0.3455778469141703,1.0683459138797795,0.8671277939534162
