idwæ¸©åº¦,idwæ¹¿åº¦,kriging_sphericalæ¸©åº¦,kriging_sphericalæ¹¿åº¦,kriging_linearæ¸©åº¦,kriging_linearæ¹¿åº¦,kriging_poweræ¸©åº¦,kriging_poweræ¹¿åº¦,kriging_exponentialæ¸©åº¦,kriging_exponentialæ¹¿åº¦
0.888639611,1.205876833,0.692898816,1.232356689,1.476424759,1.254504862,1.57063267,-0.705631602,0.72549268,1.169362167
0.522007186,-0.670596497,1.008198497,1.844957032,1.156453077,1.068401534,1.051198843,-1.852125093,0.967912396,-0.184872611
1.317412977,-1.43347846,1.22825752,0.810942726,1.309153512,0.644192493,1.337307205,-1.807569063,1.22140955,-1.196155406
1.261780993,0.84335127,1.093801555,-0.873727215,1.343553328,0.586513792,1.427373565,-0.174433485,1.277515243,-0.84039686
1.523735105,1.380040135,1.613996712,1.492343063,1.673410417,1.495213425,1.701770656,1.622588786,1.629962517,1.588748118
1.396999756,1.277985407,1.417033586,1.427318963,1.422667654,1.36574422,1.45087011,1.557750896,1.37575806,1.434046514
0.840813774,0.320474096,1.321679238,1.310845498,1.318574165,1.27830811,1.304267701,-0.561468417,1.313746575,1.331822462
å¹³å¨¹¼¬å¹³å¨¹¼¬å¹³å¨¹¼¬å¹³å¨¹¼¬å¹³å¨¹¼¬å¹³å¨¹¼¬å¹³å¨¹¼¬å¹³å¨¹¼¬å¹³å¨¹¼¬å¹³å¨¹,,,,,,,,,
1.107341343,0.417664683,1.196552275,1.035005251,1.38574813,1.098982634,1.406202964,-0.274412568,1.215971003,0.471793484