idw温度,idw湿度,ordinary_kriging温度,ordinary_kriging湿度
0.32319305857765324,0.656524350699498,0.6683553897675871,0.9112272061020975
0.2517219096204676,0.7749637783776681,0.1390556196413238,0.5507982508150462
0.5173017449322349,0.3744590011364708,0.29157470340469266,0.3913756022183921
0.8029843512255542,1.228319791242162,1.149841710249041,1.5019455724522048
0.9414111746115197,1.0604576218279638,0.8048484247452479,1.1300976798861104
0.8083689195964556,0.8520155159457805,0.6517587552694522,0.5810594870667756
1.9438827396867286,3.1541104775167765,1.772090114333115,2.9501020304437597
平均值,平均值,平均值,平均值
0.7984091283215162,1.157264362392331,0.7825035310586371,1.1452294041406266
